device_id,timestamp,temperature,predicted_temperature,is_deviation
device_1,2025-04-19 00:00:00,21.281,21.349945,0
device_1,2025-04-19 00:01:00,21.312,21.353922,0
device_1,2025-04-19 00:02:00,21.312,21.318226,0
device_1,2025-04-19 00:03:00,21.375,21.042875,0
device_1,2025-04-19 00:04:00,21.437,19.866161,0
device_1,2025-04-19 00:05:00,21.5,18.726053,1
device_1,2025-04-19 00:06:00,21.5,17.604027,1
device_1,2025-04-19 00:07:00,21.562,16.669039,1
device_1,2025-04-19 00:08:00,16.812,16.461027,0
device_1,2025-04-19 00:09:00,11.875,16.362854,1
device_1,2025-04-19 00:10:00,9.562,16.336678,1
device_1,2025-04-19 00:11:00,8.5,16.336678,1
device_1,2025-04-19 00:12:00,7.937,16.674843,1
device_1,2025-04-19 00:13:00,7.687,16.862387,1
device_1,2025-04-19 00:14:00,7.437,16.84857,1
device_1,2025-04-19 00:15:00,7.312,16.841066,1
device_1,2025-04-19 00:16:00,7.187,16.841066,1
device_1,2025-04-19 00:17:00,7.062,17.545527,1
device_1,2025-04-19 00:18:00,7.0,17.66224,1
device_1,2025-04-19 00:19:00,7.062,17.67158,1
device_1,2025-04-19 00:20:00,11.375,18.024847,1
device_1,2025-04-19 00:21:00,15.25,18.23704,1
device_1,2025-04-19 00:22:00,17.187,18.186943,0
device_1,2025-04-19 00:23:00,18.312,18.22047,0
device_1,2025-04-19 00:24:00,19.0,18.251982,0
device_1,2025-04-19 00:25:00,19.5,18.274046,0
device_1,2025-04-19 00:26:00,19.812,18.377506,0
device_1,2025-04-19 00:27:00,20.062,18.398985,0
device_1,2025-04-19 00:28:00,20.25,18.395323,0
device_1,2025-04-19 00:29:00,20.437,18.541796,0
device_1,2025-04-19 00:30:00,20.562,19.498737,0
device_1,2025-04-19 00:31:00,20.687,19.510153,0
device_1,2025-04-19 00:32:00,20.812,19.394983,0
device_1,2025-04-19 00:33:00,20.875,19.202047,0
device_1,2025-04-19 00:34:00,21.0,19.180569,0
device_1,2025-04-19 00:35:00,21.031,19.014944,1
device_1,2025-04-19 00:36:00,21.062,18.996386,1
device_1,2025-04-19 00:37:00,21.125,18.968973,1
device_1,2025-04-19 00:38:00,21.187,18.935446,1
device_1,2025-04-19 00:39:00,21.25,18.935446,1
device_1,2025-04-19 00:40:00,21.312,18.935446,1
device_1,2025-04-19 00:41:00,21.312,18.940708,1
device_1,2025-04-19 00:42:00,21.375,18.940708,1
device_1,2025-04-19 00:43:00,21.437,18.995901,1
device_1,2025-04-19 00:44:00,21.437,19.215786,1
device_1,2025-04-19 00:45:00,21.5,19.260262,1
device_1,2025-04-19 00:46:00,21.5,18.587612,1
device_1,2025-04-19 00:47:00,19.937,18.51936,0
device_1,2025-04-19 00:48:00,13.812,18.51936,1
device_1,2025-04-19 00:49:00,10.5,18.506315,1
device_1,2025-04-19 00:50:00,8.937,18.501053,1
device_1,2025-04-19 00:51:00,8.187,18.490055,1
device_1,2025-04-19 00:52:00,7.812,18.490055,1
device_1,2025-04-19 00:53:00,7.562,18.38511,1
device_1,2025-04-19 00:54:00,7.375,18.168867,1
device_1,2025-04-19 00:55:00,7.25,18.142197,1
device_1,2025-04-19 00:56:00,7.187,18.076843,1
device_1,2025-04-19 00:57:00,7.062,17.883926,1
device_1,2025-04-19 00:58:00,7.062,17.860235,1
device_1,2025-04-19 00:59:00,10.25,17.975405,1
device_1,2025-04-19 01:00:00,14.437,17.888678,1
device_1,2025-04-19 01:01:00,16.75,18.142883,0
device_1,2025-04-19 01:02:00,18.062,18.142883,0
device_1,2025-04-19 01:03:00,18.812,18.170237,0
device_1,2025-04-19 01:04:00,19.375,18.170237,0
device_1,2025-04-19 01:05:00,19.75,18.173674,0
device_1,2025-04-19 01:06:00,20.0,18.169855,0
device_1,2025-04-19 01:07:00,20.25,18.281721,0
device_1,2025-04-19 01:08:00,20.437,18.890133,0
device_1,2025-04-19 01:09:00,20.562,19.041622,0
device_1,2025-04-19 01:10:00,20.6245,19.14059,0
device_1,2025-04-19 01:11:00,20.687,19.095564,0
device_1,2025-04-19 01:12:00,20.812,19.108608,0
device_1,2025-04-19 01:13:00,20.875,19.108599,0
device_1,2025-04-19 01:14:00,21.0,19.119806,0
device_1,2025-04-19 01:15:00,21.062,19.117428,0
device_1,2025-04-19 01:16:00,21.125,19.117428,1
device_1,2025-04-19 01:17:00,21.187,19.10622,1
device_1,2025-04-19 01:18:00,21.25,19.014265,1
device_1,2025-04-19 01:19:00,21.312,19.014265,1
device_1,2025-04-19 01:20:00,21.375,19.014265,1
device_1,2025-04-19 01:21:00,21.375,19.026402,1
device_1,2025-04-19 01:22:00,21.437,19.03567,1
device_1,2025-04-19 01:23:00,21.5,19.069197,1
device_1,2025-04-19 01:24:00,21.5,19.09661,1
device_1,2025-04-19 01:25:00,21.562,19.13831,1
device_1,2025-04-19 01:26:00,18.062,19.300497,0
device_1,2025-04-19 01:27:00,12.687,19.321976,1
device_1,2025-04-19 01:28:00,10.0,19.318314,1
device_1,2025-04-19 01:29:00,8.75,19.318314,1
device_1,2025-04-19 01:30:00,8.125,19.318314,1
device_1,2025-04-19 01:31:00,7.75,18.790483,1
device_1,2025-04-19 01:32:00,7.562,18.675314,1
device_1,2025-04-19 01:33:00,7.375,18.675314,1
device_1,2025-04-19 01:34:00,7.25,18.653835,1
device_1,2025-04-19 01:35:00,7.125,17.94501,1
device_1,2025-04-19 01:36:00,7.0,17.073786,1
device_1,2025-04-19 01:37:00,6.937,17.000824,1
device_1,2025-04-19 01:38:00,8.25,16.967297,1
device_1,2025-04-19 01:39:00,12.937,16.967297,1
device_1,2025-04-19 01:40:00,15.937,16.967297,0
device_1,2025-04-19 01:41:00,17.562,16.972559,0
device_1,2025-04-19 01:42:00,18.5,17.777172,0
device_1,2025-04-19 01:43:00,19.125,17.859436,0
device_1,2025-04-19 01:44:00,19.562,18.40354,0
device_1,2025-04-19 01:45:00,19.875,18.45678,0
device_1,2025-04-19 01:46:00,20.0,18.670769,0
device_1,2025-04-19 01:47:00,20.125,18.670769,0
device_1,2025-04-19 01:48:00,20.312,18.670769,0
device_1,2025-04-19 01:49:00,20.5,18.657724,0
device_1,2025-04-19 01:50:00,20.625,18.619833,1
device_1,2025-04-19 01:51:00,20.75,18.155378,1
device_1,2025-04-19 01:52:00,20.812,18.155378,1
device_1,2025-04-19 01:53:00,20.937,18.155378,1
device_1,2025-04-19 01:54:00,21.0,17.840982,1
device_1,2025-04-19 01:55:00,21.125,17.769932,1
device_1,2025-04-19 01:56:00,21.125,17.769932,1
device_1,2025-04-19 01:57:00,21.187,17.769932,1
device_1,2025-04-19 01:58:00,21.25,17.769932,1
device_1,2025-04-19 01:59:00,21.312,17.92409,1
device_1,2025-04-19 02:00:00,21.375,18.131844,1
device_1,2025-04-19 02:01:00,21.437,19.010897,1
device_1,2025-04-19 02:02:00,21.437,19.451126,0
device_1,2025-04-19 02:03:00,21.5,19.565418,0
device_1,2025-04-19 02:04:00,21.5,19.642479,0
device_1,2025-04-19 02:05:00,21.562,19.981277,0
device_1,2025-04-19 02:06:00,16.25,20.19577,1
device_1,2025-04-19 02:07:00,11.625,20.19577,1
device_1,2025-04-19 02:08:00,9.5,20.19577,1
device_1,2025-04-19 02:09:00,8.5,19.810394,1
device_1,2025-04-19 02:10:00,8.0,19.326006,1
device_1,2025-04-19 02:11:00,7.75,19.251537,1
device_1,2025-04-19 02:12:00,7.5,19.12383,1
device_1,2025-04-19 02:13:00,7.375,19.123821,1
device_1,2025-04-19 02:14:00,7.312,19.123821,1
device_1,2025-04-19 02:15:00,7.187,19.011377,1
device_1,2025-04-19 02:16:00,7.062,18.820803,1
device_1,2025-04-19 02:17:00,7.0,18.345133,1
device_1,2025-04-19 02:18:00,8.75,18.28995,1
device_1,2025-04-19 02:19:00,13.25,18.28995,1
device_1,2025-04-19 02:20:00,16.062,18.28995,1
device_1,2025-04-19 02:21:00,17.625,18.607851,0
device_1,2025-04-19 02:22:00,18.0935,18.71156,0
device_1,2025-04-19 02:23:00,18.562,18.894377,0
device_1,2025-04-19 02:24:00,19.125,19.220083,0
device_1,2025-04-19 02:25:00,19.562,19.223902,0
device_1,2025-04-19 02:26:00,19.875,19.513311,0
device_1,2025-04-19 02:27:00,20.125,19.57073,0
device_1,2025-04-19 02:28:00,20.312,19.567068,0
device_1,2025-04-19 02:29:00,20.5,19.567068,0
device_1,2025-04-19 02:30:00,20.625,19.567068,0
device_1,2025-04-19 02:31:00,20.75,18.982098,0
device_1,2025-04-19 02:32:00,20.875,18.529345,1
device_1,2025-04-19 02:33:00,20.937,17.868938,1
device_1,2025-04-19 02:34:00,21.0,17.344933,1
device_1,2025-04-19 02:35:00,21.062,17.049498,1
device_1,2025-04-19 02:36:00,21.187,17.002066,1
device_1,2025-04-19 02:37:00,21.187,16.974653,1
device_1,2025-04-19 02:38:00,21.25,16.966774,1
device_1,2025-04-19 02:39:00,21.312,16.932606,1
device_1,2025-04-19 02:40:00,21.375,16.932606,1
device_1,2025-04-19 02:41:00,21.437,16.937868,1
device_1,2025-04-19 02:42:00,21.437,17.42156,1
device_1,2025-04-19 02:43:00,21.5,18.45071,1
device_1,2025-04-19 02:44:00,21.562,18.709715,1
device_1,2025-04-19 02:45:00,21.562,18.709715,1
device_1,2025-04-19 02:46:00,16.812,18.709715,0
device_1,2025-04-19 02:47:00,11.937,18.709715,1
device_1,2025-04-19 02:48:00,9.687,18.709715,1
device_1,2025-04-19 02:49:00,8.625,18.709715,1
device_1,2025-04-19 02:50:00,8.125,18.704453,1
device_1,2025-04-19 02:51:00,7.812,18.704453,1
device_1,2025-04-19 02:52:00,7.562,18.704453,1
device_1,2025-04-19 02:53:00,7.375,18.704453,1
device_1,2025-04-19 02:54:00,7.312,18.736044,1
device_1,2025-04-19 02:55:00,7.187,18.754602,1
device_1,2025-04-19 02:56:00,7.062,18.754602,1
device_1,2025-04-19 02:57:00,7.062,18.754602,1
device_1,2025-04-19 02:58:00,7.062,18.754602,1
device_1,2025-04-19 02:59:00,8.875,18.897135,1
device_1,2025-04-19 03:00:00,13.25,19.061989,1
device_1,2025-04-19 03:01:00,16.0,19.28803,1
device_1,2025-04-19 03:02:00,17.625,19.28803,0
device_1,2025-04-19 03:03:00,18.562,19.291693,0
device_1,2025-04-19 03:04:00,19.187,19.291693,0
device_1,2025-04-19 03:05:00,19.562,19.29513,0
device_1,2025-04-19 03:06:00,19.875,19.063902,0
device_1,2025-04-19 03:07:00,20.125,18.937315,0
device_1,2025-04-19 03:08:00,20.312,18.76042,0
device_1,2025-04-19 03:09:00,20.5,18.751152,0
device_1,2025-04-19 03:10:00,20.625,18.838259,0
device_1,2025-04-19 03:11:00,20.75,18.838259,0
device_1,2025-04-19 03:12:00,20.875,18.838259,1
device_1,2025-04-19 03:13:00,20.937,18.83825,1
device_1,2025-04-19 03:14:00,21.062,18.83825,1
device_1,2025-04-19 03:15:00,21.125,18.83825,1
device_1,2025-04-19 03:16:00,21.187,18.83825,1
device_1,2025-04-19 03:17:00,21.25,18.845222,1
device_1,2025-04-19 03:18:00,21.312,18.820831,1
device_1,2025-04-19 03:19:00,21.375,18.820831,1
device_1,2025-04-19 03:20:00,21.437,18.820831,1
device_1,2025-04-19 03:21:00,21.437,18.832968,1
device_1,2025-04-19 03:22:00,21.437,18.842236,1
device_1,2025-04-19 03:23:00,21.5,18.850115,1
device_1,2025-04-19 03:24:00,21.562,18.877527,1
device_1,2025-04-19 03:25:00,17.875,18.881346,0
device_1,2025-04-19 03:26:00,12.625,18.867788,1
device_1,2025-04-19 03:27:00,10.0,18.87033,1
device_1,2025-04-19 03:28:00,8.812,18.866669,1
device_1,2025-04-19 03:29:00,8.187,18.866669,1
device_1,2025-04-19 03:30:00,7.875,18.866669,1
device_1,2025-04-19 03:31:00,7.625,18.557781,1
device_1,2025-04-19 03:32:00,7.5625,18.452986,1
device_1,2025-04-19 03:33:00,7.5,18.519407,1
device_1,2025-04-19 03:34:00,7.375,18.550648,1
device_1,2025-04-19 03:35:00,7.25,18.526985,1
device_1,2025-04-19 03:36:00,7.187,18.508427,1
device_1,2025-04-19 03:37:00,7.125,18.481014,1
device_1,2025-04-19 03:38:00,7.875,18.457203,1
device_1,2025-04-19 03:39:00,12.062,18.457203,1
device_1,2025-04-19 03:40:00,15.312,18.457203,1
device_1,2025-04-19 03:41:00,17.187,18.462465,0
device_1,2025-04-19 03:42:00,18.312,18.462465,0
device_1,2025-04-19 03:43:00,19.0,18.486866,0
device_1,2025-04-19 03:44:00,19.437,18.479893,0
device_1,2025-04-19 03:45:00,19.812,18.45966,0
device_1,2025-04-19 03:46:00,20.062,18.45966,0
device_1,2025-04-19 03:47:00,20.25,18.45966,0
device_1,2025-04-19 03:48:00,20.437,18.45966,0
device_1,2025-04-19 03:49:00,20.625,18.45966,1
device_1,2025-04-19 03:50:00,20.75,18.135794,1
device_1,2025-04-19 03:51:00,20.812,18.135794,1
device_1,2025-04-19 03:52:00,20.937,18.135794,1
device_1,2025-04-19 03:53:00,21.0,18.25795,1
device_1,2025-04-19 03:54:00,21.062,18.25795,1
device_1,2025-04-19 03:55:00,21.125,18.276508,1
device_1,2025-04-19 03:56:00,21.25,18.276508,1
device_1,2025-04-19 03:57:00,21.25,18.276508,1
device_1,2025-04-19 03:58:00,21.312,18.276508,1
device_1,2025-04-19 03:59:00,21.375,18.381304,1
device_1,2025-04-19 04:00:00,21.437,18.546158,1
device_1,2025-04-19 04:01:00,21.437,18.710424,1
device_1,2025-04-19 04:02:00,21.5,18.676105,1
device_1,2025-04-19 04:03:00,21.5,18.679768,1
device_1,2025-04-19 04:04:00,21.562,18.565935,1
device_1,2025-04-19 04:05:00,19.937,18.569372,0
device_1,2025-04-19 04:06:00,13.875,18.565554,1
device_1,2025-04-19 04:07:00,10.625,18.55784,1
device_1,2025-04-19 04:08:00,9.875,18.55784,1
device_1,2025-04-19 04:09:00,9.125,18.548573,1
device_1,2025-04-19 04:10:00,8.437,18.536436,1
device_1,2025-04-19 04:11:00,8.062,18.536436,1
device_1,2025-04-19 04:12:00,7.812,18.573359,1
device_1,2025-04-19 04:13:00,7.625,18.750292,1
device_1,2025-04-19 04:14:00,7.5,18.8047,1
device_1,2025-04-19 04:15:00,7.437,18.8047,1
device_1,2025-04-19 04:16:00,7.312,18.87019,1
device_1,2025-04-19 04:17:00,7.187,19.04478,1
device_1,2025-04-19 04:18:00,9.437,19.043758,1
device_1,2025-04-19 04:19:00,13.375,19.043758,1
device_1,2025-04-19 04:20:00,16.062,19.043758,1
device_1,2025-04-19 04:21:00,17.687,19.348722,0
device_1,2025-04-19 04:22:00,18.625,19.35799,0
device_1,2025-04-19 04:23:00,19.25,19.36587,0
device_1,2025-04-19 04:24:00,19.625,19.507559,0
device_1,2025-04-19 04:25:00,19.937,19.511377,0
device_1,2025-04-19 04:26:00,20.187,19.753807,0
device_1,2025-04-19 04:27:00,20.375,19.75635,0
device_1,2025-04-19 04:28:00,20.562,19.752687,0
device_1,2025-04-19 04:29:00,20.687,19.752687,0
device_1,2025-04-19 04:30:00,20.812,19.815119,0
device_1,2025-04-19 04:31:00,20.875,19.485998,0
device_1,2025-04-19 04:32:00,21.0,19.485497,0
device_1,2025-04-19 04:33:00,21.062,19.485497,0
device_1,2025-04-19 04:34:00,21.125,19.482954,0
device_1,2025-04-19 04:35:00,21.187,19.471308,0
device_1,2025-04-19 04:36:00,21.25,19.45275,0
device_1,2025-04-19 04:37:00,21.312,19.326874,0
device_1,2025-04-19 04:38:00,21.375,19.303062,1
device_1,2025-04-19 04:39:00,21.437,19.303062,1
device_1,2025-04-19 04:40:00,21.5,19.228085,1
device_1,2025-04-19 04:41:00,21.5,18.75735,1
device_1,2025-04-19 04:42:00,21.562,18.63448,1
device_1,2025-04-19 04:43:00,20.5935,18.434484,1
device_1,2025-04-19 04:44:00,19.625,17.66953,0
device_1,2025-04-19 04:45:00,13.625,17.66953,1
device_1,2025-04-19 04:46:00,10.562,17.66953,1
device_1,2025-04-19 04:47:00,9.125,17.66953,1
device_1,2025-04-19 04:48:00,8.437,17.70193,1
device_1,2025-04-19 04:49:00,8.062,17.667843,1
device_1,2025-04-19 04:50:00,7.75,17.680075,1
device_1,2025-04-19 04:51:00,7.625,17.680075,1
device_1,2025-04-19 04:52:00,7.5,17.680075,1
device_1,2025-04-19 04:53:00,7.312,17.696007,1
device_1,2025-04-19 04:54:00,7.25,17.78095,1
device_1,2025-04-19 04:55:00,7.187,17.79951,1
device_1,2025-04-19 04:56:00,7.125,17.79951,1
device_1,2025-04-19 04:57:00,10.5,17.79951,1
device_1,2025-04-19 04:58:00,13.937,17.79951,1
device_1,2025-04-19 04:59:00,16.375,17.80001,0
device_1,2025-04-19 05:00:00,17.812,17.964865,0
device_1,2025-04-19 05:01:00,18.687,18.129131,0
device_1,2025-04-19 05:02:00,19.25,18.288345,0
device_1,2025-04-19 05:03:00,19.625,19.14725,0
device_1,2025-04-19 05:04:00,19.937,19.201681,0
device_1,2025-04-19 05:05:00,20.187,19.205118,0
device_1,2025-04-19 05:06:00,20.375,19.87128,0
device_1,2025-04-19 05:07:00,20.5,19.896402,0
device_1,2025-04-19 05:08:00,20.687,19.896402,0
device_1,2025-04-19 05:09:00,20.75,20.331327,0
device_1,2025-04-19 05:10:00,20.875,20.319191,0
device_1,2025-04-19 05:11:00,20.937,20.319191,0
device_1,2025-04-19 05:12:00,21.062,20.394424,0
device_1,2025-04-19 05:13:00,21.125,20.394415,0
device_1,2025-04-19 05:14:00,21.187,20.394415,0
device_1,2025-04-19 05:15:00,21.25,20.380009,0
device_1,2025-04-19 05:16:00,21.312,20.330545,0
device_1,2025-04-19 05:17:00,21.312,20.337519,0
device_1,2025-04-19 05:18:00,21.375,20.337528,0
device_1,2025-04-19 05:19:00,21.406,20.337528,0
device_1,2025-04-19 05:20:00,21.437,20.337528,0
device_1,2025-04-19 05:21:00,21.437,20.159042,0
device_1,2025-04-19 05:22:00,21.5,20.14935,0
device_1,2025-04-19 05:23:00,21.562,20.157228,0
device_1,2025-04-19 05:24:00,18.937,20.136677,0
device_1,2025-04-19 05:25:00,13.312,20.082481,1
device_1,2025-04-19 05:26:00,10.437,19.27447,1
device_1,2025-04-19 05:27:00,9.125,18.807278,1
device_1,2025-04-19 05:28:00,8.437,18.54957,1
device_1,2025-04-19 05:29:00,8.062,17.785515,1
device_1,2025-04-19 05:30:00,7.812,17.660759,1
device_1,2025-04-19 05:31:00,7.625,17.403706,1
device_1,2025-04-19 05:32:00,7.5,17.403204,1
device_1,2025-04-19 05:33:00,7.375,17.442417,1
device_1,2025-04-19 05:34:00,7.312,17.479307,1
device_1,2025-04-19 05:35:00,7.25,17.52266,1
device_1,2025-04-19 05:36:00,7.187,17.60779,1
device_1,2025-04-19 05:37:00,7.125,17.716373,1
device_1,2025-04-19 05:38:00,9.625,18.428976,1
device_1,2025-04-19 05:39:00,12.812,18.67353,1
device_1,2025-04-19 05:40:00,15.5,18.753952,1
device_1,2025-04-19 05:41:00,17.25,18.74172,0
device_1,2025-04-19 05:42:00,18.312,18.5427,0
device_1,2025-04-19 05:43:00,19.0,18.258873,0
device_1,2025-04-19 05:44:00,19.437,18.251177,0
device_1,2025-04-19 05:45:00,19.75,18.224846,0
device_1,2025-04-19 05:46:00,20.0,18.224846,0
device_1,2025-04-19 05:47:00,20.25,18.224846,1
device_1,2025-04-19 05:48:00,20.437,18.227243,1
device_1,2025-04-19 05:49:00,20.562,17.885868,1
device_1,2025-04-19 05:50:00,20.687,17.806742,1
device_1,2025-04-19 05:51:00,20.812,17.899378,1
device_1,2025-04-19 05:52:00,20.875,18.402346,1
device_1,2025-04-19 05:53:00,21.0,18.848635,1
device_1,2025-04-19 05:54:00,21.031,19.23557,0
device_1,2025-04-19 05:55:00,21.062,19.409916,0
device_1,2025-04-19 05:56:00,21.125,19.080034,1
device_1,2025-04-19 05:57:00,21.187,19.080034,1
device_1,2025-04-19 05:58:00,21.25,19.531647,0
device_1,2025-04-19 05:59:00,21.312,19.71767,0
device_1,2025-04-19 06:00:00,21.312,20.272305,0
device_1,2025-04-19 06:01:00,21.375,20.475012,0
device_1,2025-04-19 06:02:00,21.437,20.51963,0
device_1,2025-04-19 06:03:00,21.5,20.4623,0
device_1,2025-04-19 06:04:00,21.5,20.4623,0
device_1,2025-04-19 06:05:00,21.562,20.465736,0
device_1,2025-04-19 06:06:00,21.312,20.461918,0
device_1,2025-04-19 06:07:00,15.062,19.719387,1
device_1,2025-04-19 06:08:00,11.25,19.70785,1
device_1,2025-04-19 06:09:00,9.5,18.711918,1
device_1,2025-04-19 06:10:00,8.625,17.44618,1
device_1,2025-04-19 06:11:00,8.125,16.78683,1
device_1,2025-04-19 06:12:00,7.875,16.290598,1
device_1,2025-04-19 06:13:00,7.687,16.091373,1
device_1,2025-04-19 06:14:00,7.562,15.998954,1
device_1,2025-04-19 06:15:00,7.437,15.998954,1
device_1,2025-04-19 06:16:00,7.375,16.069395,1
device_1,2025-04-19 06:17:00,7.25,16.670094,1
device_1,2025-04-19 06:18:00,7.187,16.965754,1
device_1,2025-04-19 06:19:00,7.125,17.172892,1
device_1,2025-04-19 06:20:00,10.312,17.71224,1
device_1,2025-04-19 06:21:00,13.375,18.033787,1
device_1,2025-04-19 06:22:00,15.875,18.440802,1
device_1,2025-04-19 06:23:00,17.5,18.629927,0
device_1,2025-04-19 06:24:00,18.437,18.67935,0
device_1,2025-04-19 06:25:00,19.062,18.731447,0
device_1,2025-04-19 06:26:00,19.5,18.739656,0
device_1,2025-04-19 06:27:00,19.812,18.742199,0
device_1,2025-04-19 06:28:00,20.062,18.738537,0
device_1,2025-04-19 06:29:00,20.156,18.738537,0
device_1,2025-04-19 06:30:00,20.25,18.670897,0
device_1,2025-04-19 06:31:00,20.437,18.444664,0
device_1,2025-04-19 06:32:00,20.562,18.646189,0
device_1,2025-04-19 06:33:00,20.687,18.652035,1
device_1,2025-04-19 06:34:00,20.812,19.146196,0
device_1,2025-04-19 06:35:00,20.937,19.954695,0
device_1,2025-04-19 06:36:00,21.0,20.07135,0
device_1,2025-04-19 06:37:00,21.062,20.043938,0
device_1,2025-04-19 06:38:00,21.125,20.036058,0
device_1,2025-04-19 06:39:00,21.187,20.036058,0
device_1,2025-04-19 06:40:00,21.25,20.189222,0
device_1,2025-04-19 06:41:00,21.312,20.17699,0
device_1,2025-04-19 06:42:00,21.375,20.17699,0
device_1,2025-04-19 06:43:00,21.437,19.864483,0
device_1,2025-04-19 06:44:00,21.437,19.733612,0
device_1,2025-04-19 06:45:00,21.5,19.38508,1
device_1,2025-04-19 06:46:00,21.562,19.32464,1
device_1,2025-04-19 06:47:00,18.875,19.34633,0
device_1,2025-04-19 06:48:00,13.25,19.34633,1
device_1,2025-04-19 06:49:00,10.437,19.299747,1
device_1,2025-04-19 06:50:00,9.187,19.211058,1
device_1,2025-04-19 06:51:00,8.5,19.211058,1
device_1,2025-04-19 06:52:00,8.062,18.976376,1
device_1,2025-04-19 06:53:00,7.812,18.992308,1
device_1,2025-04-19 06:54:00,7.687,18.992308,1
device_1,2025-04-19 06:55:00,7.562,18.432034,1
device_1,2025-04-19 06:56:00,7.437,18.12173,1
device_1,2025-04-19 06:57:00,7.375,17.761873,1
device_1,2025-04-19 06:58:00,7.25,17.459175,1
device_1,2025-04-19 06:59:00,7.312,17.459677,1
device_1,2025-04-19 07:00:00,10.625,17.538837,1
device_1,2025-04-19 07:01:00,13.625,17.703104,1
device_1,2025-04-19 07:02:00,16.125,17.703104,0
device_1,2025-04-19 07:03:00,17.625,17.706766,0
device_1,2025-04-19 07:04:00,18.125,17.761198,0
device_1,2025-04-19 07:05:00,18.625,17.764635,0
device_1,2025-04-19 07:06:00,19.187,17.760817,0
device_1,2025-04-19 07:07:00,19.625,17.90798,0
device_1,2025-04-19 07:08:00,19.875,18.232412,0
device_1,2025-04-19 07:09:00,20.187,18.43047,0
device_1,2025-04-19 07:10:00,20.375,18.418333,0
device_1,2025-04-19 07:11:00,20.5,18.447876,1
device_1,2025-04-19 07:12:00,20.687,19.156443,0
device_1,2025-04-19 07:13:00,20.812,19.250547,0
device_1,2025-04-19 07:14:00,20.875,19.250547,0
device_1,2025-04-19 07:15:00,21.0,19.250547,0
device_1,2025-04-19 07:16:00,21.062,19.250547,0
device_1,2025-04-19 07:17:00,21.125,19.664852,0
device_1,2025-04-19 07:18:00,21.187,19.664862,0
device_1,2025-04-19 07:19:00,21.25,19.664862,0
device_1,2025-04-19 07:20:00,21.312,19.750805,0
device_1,2025-04-19 07:21:00,21.375,19.762941,0
device_1,2025-04-19 07:22:00,21.437,19.676647,0
device_1,2025-04-19 07:23:00,21.437,19.684526,0
device_1,2025-04-19 07:24:00,21.5,19.711939,0
device_1,2025-04-19 07:25:00,21.562,19.715757,0
device_1,2025-04-19 07:26:00,21.562,19.723967,0
device_1,2025-04-19 07:27:00,16.0,19.72651,1
device_1,2025-04-19 07:28:00,11.75,19.722847,1
device_1,2025-04-19 07:29:00,9.812,19.722847,1
device_1,2025-04-19 07:30:00,8.875,19.844278,1
device_1,2025-04-19 07:31:00,8.375,19.743181,1
device_1,2025-04-19 07:32:00,8.062,19.74268,1
device_1,2025-04-19 07:33:00,7.812,19.74268,1
device_1,2025-04-19 07:34:00,7.687,19.740137,1
device_1,2025-04-19 07:35:00,7.562,19.72849,1
device_1,2025-04-19 07:36:00,7.437,19.709932,1
device_1,2025-04-19 07:37:00,7.375,19.568243,1
device_1,2025-04-19 07:38:00,7.312,19.544432,1
device_1,2025-04-19 07:39:00,8.312,19.415922,1
device_1,2025-04-19 07:40:00,9.8745,18.408178,1
device_1,2025-04-19 07:41:00,11.437,18.02083,1
device_1,2025-04-19 07:42:00,14.25,16.976307,1
device_1,2025-04-19 07:43:00,16.5,16.452148,0
device_1,2025-04-19 07:44:00,17.875,16.445175,0
device_1,2025-04-19 07:45:00,18.75,16.445175,1
device_1,2025-04-19 07:46:00,19.312,16.445175,1
device_1,2025-04-19 07:47:00,19.687,16.445175,1
device_1,2025-04-19 07:48:00,20.0,16.78104,1
device_1,2025-04-19 07:49:00,20.25,17.293697,1
device_1,2025-04-19 07:50:00,20.375,17.407537,1
device_1,2025-04-19 07:51:00,20.562,17.370232,1
device_1,2025-04-19 07:52:00,20.687,17.543272,1
device_1,2025-04-19 07:53:00,20.812,18.076841,1
device_1,2025-04-19 07:54:00,20.937,18.357616,1
device_1,2025-04-19 07:55:00,21.0,18.518066,1
device_1,2025-04-19 07:56:00,21.125,18.518066,1
device_1,2025-04-19 07:57:00,21.187,18.631899,1
device_1,2025-04-19 07:58:00,21.25,18.639841,1
device_1,2025-04-19 07:59:00,21.312,19.258085,1
device_1,2025-04-19 08:00:00,21.312,19.513636,0
device_1,2025-04-19 08:01:00,21.375,19.44642,0
device_1,2025-04-19 08:02:00,21.437,19.44642,0
device_1,2025-04-19 08:03:00,21.5,19.450083,1
device_1,2025-04-19 08:04:00,21.562,19.450083,1
device_1,2025-04-19 08:05:00,21.562,19.554914,1
device_1,2025-04-19 08:06:00,21.0,19.954115,0
device_1,2025-04-19 08:07:00,14.812,20.08273,1
device_1,2025-04-19 08:08:00,11.187,20.206442,1
device_1,2025-04-19 08:09:00,9.562,20.188776,1
device_1,2025-04-19 08:10:00,8.75,20.21198,1
device_1,2025-04-19 08:11:00,8.312,20.286987,1
device_1,2025-04-19 08:12:00,8.0,20.529764,1
device_1,2025-04-19 08:13:00,7.812,20.652609,1
device_1,2025-04-19 08:14:00,7.687,20.652609,1
device_1,2025-04-19 08:15:00,7.6245,20.652609,1
device_1,2025-04-19 08:16:00,7.562,20.643261,1
device_1,2025-04-19 08:17:00,7.437,20.650234,1
device_1,2025-04-19 08:18:00,7.312,20.381092,1
device_1,2025-04-19 08:19:00,7.312,20.23697,1
device_1,2025-04-19 08:20:00,8.562,19.98534,1
device_1,2025-04-19 08:21:00,11.562,19.756397,1
device_1,2025-04-19 08:22:00,14.25,19.381477,1
device_1,2025-04-19 08:23:00,16.437,19.343721,1
device_1,2025-04-19 08:24:00,17.875,19.371134,0
device_1,2025-04-19 08:25:00,18.75,19.374952,0
device_1,2025-04-19 08:26:00,19.312,19.371515,0
device_1,2025-04-19 08:27:00,19.687,19.371515,0
device_1,2025-04-19 08:28:00,20.0,18.77653,0
device_1,2025-04-19 08:29:00,20.187,18.182087,1
device_1,2025-04-19 08:30:00,20.437,17.679283,1
device_1,2025-04-19 08:31:00,20.562,17.471167,1
device_1,2025-04-19 08:32:00,20.687,17.470665,1
device_1,2025-04-19 08:33:00,20.812,17.40797,1
device_1,2025-04-19 08:34:00,20.937,17.258978,1
device_1,2025-04-19 08:35:00,21.0,17.258978,1
device_1,2025-04-19 08:36:00,21.062,17.24042,1
device_1,2025-04-19 08:37:00,21.187,17.216599,1
device_1,2025-04-19 08:38:00,21.25,17.192787,1
device_1,2025-04-19 08:39:00,21.312,17.27732,1
device_1,2025-04-19 08:40:00,21.375,17.27732,1
device_1,2025-04-19 08:41:00,21.375,17.282583,1
device_1,2025-04-19 08:42:00,21.437,17.723675,1
device_1,2025-04-19 08:43:00,21.5,18.007679,1
device_1,2025-04-19 08:44:00,21.562,18.51476,1
device_1,2025-04-19 08:45:00,21.562,18.51476,1
device_1,2025-04-19 08:46:00,17.312,18.51476,0
device_1,2025-04-19 08:47:00,12.5,18.516415,1
device_1,2025-04-19 08:48:00,10.125,18.516415,1
device_1,2025-04-19 08:49:00,9.062,18.516415,1
device_1,2025-04-19 08:50:00,8.5,18.929647,1
device_1,2025-04-19 08:51:00,8.343499999999999,18.929647,1
device_1,2025-04-19 08:52:00,8.187,19.069397,1
device_1,2025-04-19 08:53:00,7.937,19.582273,1
device_1,2025-04-19 08:54:00,7.75,19.747505,1
device_1,2025-04-19 08:55:00,7.687,20.313261,1
device_1,2025-04-19 08:56:00,7.562,20.453964,1
device_1,2025-04-19 08:57:00,7.437,20.453964,1
device_1,2025-04-19 08:58:00,7.375,20.453964,1
device_1,2025-04-19 08:59:00,7.25,20.491938,1
device_1,2025-04-19 09:00:00,8.937,20.211401,1
device_1,2025-04-19 09:01:00,11.75,20.21623,1
device_1,2025-04-19 09:02:00,14.187,20.21623,1
device_1,2025-04-19 09:03:00,16.375,20.180103,1
device_1,2025-04-19 09:04:00,17.75,20.180103,1
device_1,2025-04-19 09:05:00,18.625,20.07705,0
device_1,2025-04-19 09:06:00,19.25,19.546026,0
device_1,2025-04-19 09:07:00,19.625,18.841951,0
device_1,2025-04-19 09:08:00,19.937,18.841951,0
device_1,2025-04-19 09:09:00,20.187,18.732925,0
device_1,2025-04-19 09:10:00,20.375,18.720789,0
device_1,2025-04-19 09:11:00,20.5,18.477673,1
device_1,2025-04-19 09:12:00,20.687,18.477673,1
device_1,2025-04-19 09:13:00,20.812,18.527422,1
device_1,2025-04-19 09:14:00,20.937,18.59684,1
device_1,2025-04-19 09:15:00,21.0,18.59684,1
device_1,2025-04-19 09:16:00,21.062,18.59684,1
device_1,2025-04-19 09:17:00,21.187,18.603813,1
device_1,2025-04-19 09:18:00,21.25,18.554064,1
device_1,2025-04-19 09:19:00,21.312,18.554064,1
device_1,2025-04-19 09:20:00,21.375,18.554064,1
device_1,2025-04-19 09:21:00,21.375,18.5662,1
device_1,2025-04-19 09:22:00,21.437,18.575468,1
device_1,2025-04-19 09:23:00,21.5,18.583347,1
device_1,2025-04-19 09:24:00,21.562,18.587328,1
device_1,2025-04-19 09:25:00,21.562,18.591146,1
device_1,2025-04-19 09:26:00,21.5935,18.628798,1
device_1,2025-04-19 09:27:00,21.625,18.628798,1
device_1,2025-04-19 09:28:00,17.75,18.664925,0
device_1,2025-04-19 09:29:00,12.75,18.664925,1
device_1,2025-04-19 09:30:00,10.312,18.664925,1
device_1,2025-04-19 09:31:00,9.125,19.054956,1
device_1,2025-04-19 09:32:00,8.562,19.196047,1
device_1,2025-04-19 09:33:00,8.25,19.425282,1
device_1,2025-04-19 09:34:00,8.0,19.482965,1
device_1,2025-04-19 09:35:00,7.875,19.482965,1
device_1,2025-04-19 09:36:00,7.687,19.529966,1
device_1,2025-04-19 09:37:00,7.562,19.506145,1
device_1,2025-04-19 09:38:00,7.5,19.498266,1
device_1,2025-04-19 09:39:00,7.437,19.498266,1
device_1,2025-04-19 09:40:00,7.625,19.498266,1
device_1,2025-04-19 09:41:00,10.875,19.503529,1
device_1,2025-04-19 09:42:00,13.25,19.503529,1
device_1,2025-04-19 09:43:00,15.625,19.503529,1
device_1,2025-04-19 09:44:00,17.375,19.496555,1
device_1,2025-04-19 09:45:00,18.437,19.496555,0
device_1,2025-04-19 09:46:00,19.125,19.39687,0
device_1,2025-04-19 09:47:00,19.562,19.39687,0
device_1,2025-04-19 09:48:00,19.875,19.39687,0
device_1,2025-04-19 09:49:00,20.187,19.39687,0
device_1,2025-04-19 09:50:00,20.375,19.391607,0
device_1,2025-04-19 09:51:00,20.5,19.391607,0
device_1,2025-04-19 09:52:00,20.687,19.188961,0
device_1,2025-04-19 09:53:00,20.812,19.188961,0
device_1,2025-04-19 09:54:00,20.937,19.188961,0
device_1,2025-04-19 09:55:00,21.0,19.188961,0
device_1,2025-04-19 09:56:00,21.125,19.188961,0
device_1,2025-04-19 09:57:00,21.187,19.188961,0
device_1,2025-04-19 09:58:00,21.25,19.188961,1
device_1,2025-04-19 09:59:00,21.312,19.264582,1
device_1,2025-04-19 10:00:00,21.375,18.910475,1
device_1,2025-04-19 10:01:00,21.406,18.848316,1
device_1,2025-04-19 10:02:00,21.437,18.772696,1
device_1,2025-04-19 10:03:00,21.437,18.193144,1
device_1,2025-04-19 10:04:00,21.562,18.193144,1
device_1,2025-04-19 10:05:00,21.562,18.067015,1
device_1,2025-04-19 10:06:00,21.562,17.59198,1
device_1,2025-04-19 10:07:00,21.625,17.59198,1
device_1,2025-04-19 10:08:00,15.937,17.59198,0
device_1,2025-04-19 10:09:00,11.812,17.582712,1
device_1,2025-04-19 10:10:00,9.937,17.570576,1
device_1,2025-04-19 10:11:00,9.0,17.582539,1
device_1,2025-04-19 10:12:00,8.5,18.153013,1
device_1,2025-04-19 10:13:00,8.187,18.238808,1
device_1,2025-04-19 10:14:00,8.0,18.472889,1
device_1,2025-04-19 10:15:00,7.812,18.54454,1
device_1,2025-04-19 10:16:00,7.687,18.830296,1
device_1,2025-04-19 10:17:00,7.562,19.325731,1
device_1,2025-04-19 10:18:00,7.5,19.792149,1
device_1,2025-04-19 10:19:00,7.437,19.917562,1
device_1,2025-04-19 10:20:00,8.0,19.917562,1
device_1,2025-04-19 10:21:00,11.187,19.929699,1
device_1,2025-04-19 10:22:00,13.375,19.8866,1
device_1,2025-04-19 10:23:00,15.687,19.80388,1
device_1,2025-04-19 10:24:00,17.375,19.827702,1
device_1,2025-04-19 10:25:00,18.437,19.82362,0
device_1,2025-04-19 10:26:00,19.125,19.86127,0
device_1,2025-04-19 10:27:00,19.562,19.775871,0
device_1,2025-04-19 10:28:00,19.875,19.593422,0
device_1,2025-04-19 10:29:00,20.125,19.593422,0
device_1,2025-04-19 10:30:00,20.312,19.593422,0
device_1,2025-04-19 10:31:00,20.5,19.40708,0
device_1,2025-04-19 10:32:00,20.687,19.40708,0
device_1,2025-04-19 10:33:00,20.812,19.40708,0
device_1,2025-04-19 10:34:00,20.937,19.413975,0
device_1,2025-04-19 10:35:00,21.0,19.35627,0
device_1,2025-04-19 10:36:00,21.062,18.935314,1
device_1,2025-04-19 10:37:00,21.1245,18.19209,1
device_1,2025-04-19 10:38:00,21.187,18.138103,1
device_1,2025-04-19 10:39:00,21.25,17.700712,1
device_1,2025-04-19 10:40:00,21.312,17.724155,1
device_1,2025-04-19 10:41:00,21.375,17.729418,1
device_1,2025-04-19 10:42:00,21.437,17.947199,1
device_1,2025-04-19 10:43:00,21.437,18.05603,1
device_1,2025-04-19 10:44:00,21.5,18.049057,1
device_1,2025-04-19 10:45:00,21.562,18.19111,1
device_1,2025-04-19 10:46:00,21.562,18.328592,1
device_1,2025-04-19 10:47:00,20.875,18.54088,1
device_1,2025-04-19 10:48:00,14.687,18.933027,1
device_1,2025-04-19 10:49:00,11.312,19.227173,1
device_1,2025-04-19 10:50:00,9.687,19.261103,1
device_1,2025-04-19 10:51:00,8.875,19.118305,1
device_1,2025-04-19 10:52:00,8.437,18.936468,1
device_1,2025-04-19 10:53:00,8.187,18.852808,1
device_1,2025-04-19 10:54:00,8.0,18.71504,1
device_1,2025-04-19 10:55:00,7.812,18.71504,1
device_1,2025-04-19 10:56:00,7.687,18.697002,1
device_1,2025-04-19 10:57:00,7.625,18.697002,1
device_1,2025-04-19 10:58:00,7.5,18.697002,1
device_1,2025-04-19 10:59:00,7.437,18.44666,1
device_1,2025-04-19 11:00:00,7.375,18.491201,1
device_1,2025-04-19 11:01:00,7.312,18.564974,1
device_1,2025-04-19 11:02:00,9.437,18.602207,1
device_1,2025-04-19 11:03:00,11.812,19.099503,1
device_1,2025-04-19 11:04:00,13.75,19.224379,1
device_1,2025-04-19 11:05:00,15.75,19.725208,1
device_1,2025-04-19 11:06:00,17.312,19.775406,1
device_1,2025-04-19 11:07:00,18.375,19.839893,0
device_1,2025-04-19 11:08:00,19.062,20.117834,0
device_1,2025-04-19 11:09:00,19.5,20.141134,0
device_1,2025-04-19 11:10:00,19.812,20.748196,0
device_1,2025-04-19 11:11:00,20.062,20.557598,0
device_1,2025-04-19 11:12:00,20.187,20.53464,0
device_1,2025-04-19 11:13:00,20.312,20.53464,0
device_1,2025-04-19 11:14:00,20.437,20.53464,0
device_1,2025-04-19 11:15:00,20.625,20.53464,0
device_1,2025-04-19 11:16:00,20.75,20.521612,0
device_1,2025-04-19 11:17:00,20.812,20.528585,0
device_1,2025-04-19 11:18:00,20.937,20.372932,0
device_1,2025-04-19 11:19:00,21.0,19.692225,0
device_1,2025-04-19 11:20:00,21.125,19.259747,0
device_1,2025-04-19 11:21:00,21.187,18.055906,1
device_1,2025-04-19 11:22:00,21.25,18.065174,1
device_1,2025-04-19 11:23:00,21.312,18.065174,1
device_1,2025-04-19 11:24:00,21.375,18.065174,1
device_1,2025-04-19 11:25:00,21.437,17.57681,1
device_1,2025-04-19 11:26:00,21.437,17.57681,1
device_1,2025-04-19 11:27:00,21.5,17.57681,1
device_1,2025-04-19 11:28:00,21.562,17.651348,1
device_1,2025-04-19 11:29:00,19.0,17.651348,0
device_1,2025-04-19 11:30:00,13.5,17.63857,1
device_1,2025-04-19 11:31:00,10.75,17.678577,1
device_1,2025-04-19 11:32:00,9.5,18.082226,1
device_1,2025-04-19 11:33:00,8.812,18.230024,1
device_1,2025-04-19 11:34:00,8.375,18.592054,1
device_1,2025-04-19 11:35:00,8.125,19.04032,1
device_1,2025-04-19 11:36:00,8.0,19.04032,1
device_1,2025-04-19 11:37:00,7.812,19.04032,1
device_1,2025-04-19 11:38:00,7.687,18.767273,1
device_1,2025-04-19 11:39:00,7.625,18.384228,1
device_1,2025-04-19 11:40:00,7.5,18.233774,1
device_1,2025-04-19 11:41:00,7.437,18.278805,1
device_1,2025-04-19 11:42:00,10.375,18.41219,1
device_1,2025-04-19 11:43:00,12.437,18.580564,1
device_1,2025-04-19 11:44:00,14.562,18.977345,1
device_1,2025-04-19 11:45:00,16.562,18.977345,1
device_1,2025-04-19 11:46:00,17.937,18.977345,0
device_1,2025-04-19 11:47:00,18.3745,19.221294,0
device_1,2025-04-19 11:48:00,18.812,19.221294,0
device_1,2025-04-19 11:49:00,19.375,19.348986,0
device_1,2025-04-19 11:50:00,19.75,19.343723,0
device_1,2025-04-19 11:51:00,20.062,19.343723,0
device_1,2025-04-19 11:52:00,20.25,19.801353,0
device_1,2025-04-19 11:53:00,20.437,19.904577,0
device_1,2025-04-19 11:54:00,20.625,19.904577,0
device_1,2025-04-19 11:55:00,20.75,19.904577,0
device_1,2025-04-19 11:56:00,20.875,19.71598,0
device_1,2025-04-19 11:57:00,20.937,19.40907,0
device_1,2025-04-19 11:58:00,21.062,19.277905,0
device_1,2025-04-19 11:59:00,21.125,19.266079,0
device_1,2025-04-19 12:00:00,21.187,19.287308,0
device_1,2025-04-19 12:01:00,21.25,19.511011,0
device_1,2025-04-19 12:02:00,21.375,19.541807,0
device_1,2025-04-19 12:03:00,21.375,19.791838,0
device_1,2025-04-19 12:04:00,21.437,19.830875,0
device_1,2025-04-19 12:05:00,21.5,19.830875,0
device_1,2025-04-19 12:06:00,21.5,19.830875,0
device_1,2025-04-19 12:07:00,21.562,19.830875,0
device_1,2025-04-19 12:08:00,21.625,19.830875,0
device_1,2025-04-19 12:09:00,17.312,19.373112,1
device_1,2025-04-19 12:10:00,12.625,19.061277,1
device_1,2025-04-19 12:11:00,10.375,18.806498,1
device_1,2025-04-19 12:12:00,9.312,18.823805,1
device_1,2025-04-19 12:13:00,8.75,18.810291,1
device_1,2025-04-19 12:14:00,8.437,18.830696,1
device_1,2025-04-19 12:15:00,8.187,18.830696,1
device_1,2025-04-19 12:16:00,8.0,18.854977,1
device_1,2025-04-19 12:17:00,7.875,18.86195,1
device_1,2025-04-19 12:18:00,7.75,19.071554,1
device_1,2025-04-19 12:19:00,7.625,19.393612,1
device_1,2025-04-19 12:20:00,7.562,19.562225,1
device_1,2025-04-19 12:21:00,7.5,20.047504,1
device_1,2025-04-19 12:22:00,7.468500000000001,20.40486,1
device_1,2025-04-19 12:23:00,7.437,20.40486,1
device_1,2025-04-19 12:24:00,10.312,20.10638,1
device_1,2025-04-19 12:25:00,12.312,20.041935,1
device_1,2025-04-19 12:26:00,14.062,19.86197,1
device_1,2025-04-19 12:27:00,15.937,19.581318,1
device_1,2025-04-19 12:28:00,17.437,19.231468,0
device_1,2025-04-19 12:29:00,18.5,18.02558,0
device_1,2025-04-19 12:30:00,19.125,17.98111,0
device_1,2025-04-19 12:31:00,19.562,17.791718,0
device_1,2025-04-19 12:32:00,19.875,17.561914,1
device_1,2025-04-19 12:33:00,20.125,17.385994,1
device_1,2025-04-19 12:34:00,20.375,17.264076,1
device_1,2025-04-19 12:35:00,20.5,17.282114,1
device_1,2025-04-19 12:36:00,20.687,17.282114,1
device_1,2025-04-19 12:37:00,20.812,17.282114,1
device_1,2025-04-19 12:38:00,20.875,17.282114,1
device_1,2025-04-19 12:39:00,21.0,17.54033,1
device_1,2025-04-19 12:40:00,21.062,18.682888,1
device_1,2025-04-19 12:41:00,21.187,19.416218,0
device_1,2025-04-19 12:42:00,21.25,19.894905,0
device_1,2025-04-19 12:43:00,21.312,19.946508,0
device_1,2025-04-19 12:44:00,21.375,19.939535,0
device_1,2025-04-19 12:45:00,21.437,19.939535,0
device_1,2025-04-19 12:46:00,21.437,19.976547,0
device_1,2025-04-19 12:47:00,21.5,19.976547,0
device_1,2025-04-19 12:48:00,21.562,19.976547,0
device_1,2025-04-19 12:49:00,21.625,19.572681,1
device_1,2025-04-19 12:50:00,16.687,18.762707,1
device_1,2025-04-19 12:51:00,12.312,18.384918,1
device_1,2025-04-19 12:52:00,10.312,18.34127,1
device_1,2025-04-19 12:53:00,9.312,18.25761,1
device_1,2025-04-19 12:54:00,8.75,18.25761,1
device_1,2025-04-19 12:55:00,8.437,18.315298,1
device_1,2025-04-19 12:56:00,8.312,18.29726,1
device_1,2025-04-19 12:57:00,8.187,18.767141,1
device_1,2025-04-19 12:58:00,8.0,18.767141,1
device_1,2025-04-19 12:59:00,7.937,18.767141,1
device_1,2025-04-19 13:00:00,7.812,19.14859,1
device_1,2025-04-19 13:01:00,7.687,19.667126,1
device_1,2025-04-19 13:02:00,7.625,20.384518,1
device_1,2025-04-19 13:03:00,7.5,20.620693,1
device_1,2025-04-19 13:04:00,8.937,20.620693,1
device_1,2025-04-19 13:05:00,11.562,20.620693,1
device_1,2025-04-19 13:06:00,13.187,20.620693,1
device_1,2025-04-19 13:07:00,15.0,20.620693,1
device_1,2025-04-19 13:08:00,16.75,20.594309,1
device_1,2025-04-19 13:09:00,18.062,20.394226,1
device_1,2025-04-19 13:10:00,18.875,20.263388,0
device_1,2025-04-19 13:11:00,19.437,19.0084,0
device_1,2025-04-19 13:12:00,19.812,18.72722,0
device_1,2025-04-19 13:13:00,20.062,18.677496,0
device_1,2025-04-19 13:14:00,20.25,18.643837,0
device_1,2025-04-19 13:15:00,20.437,18.643837,0
device_1,2025-04-19 13:16:00,20.625,18.643837,0
device_1,2025-04-19 13:17:00,20.75,18.784266,0
device_1,2025-04-19 13:18:00,20.875,18.571234,1
device_1,2025-04-19 13:19:00,21.0,18.499783,1
device_1,2025-04-19 13:20:00,21.062,18.477196,1
device_1,2025-04-19 13:21:00,21.125,18.489332,1
device_1,2025-04-19 13:22:00,21.25,18.78697,1
device_1,2025-04-19 13:23:00,21.312,18.79485,1
device_1,2025-04-19 13:24:00,21.375,18.81867,1
device_1,2025-04-19 13:25:00,21.375,18.93347,1
device_1,2025-04-19 13:26:00,21.437,18.917568,1
device_1,2025-04-19 13:27:00,21.5,18.917568,1
device_1,2025-04-19 13:28:00,21.562,18.953695,1
device_1,2025-04-19 13:29:00,21.625,18.953695,1
device_1,2025-04-19 13:30:00,21.187,18.953695,1
device_1,2025-04-19 13:31:00,18.187,18.898537,0
device_1,2025-04-19 13:32:00,15.187,18.898537,1
device_1,2025-04-19 13:33:00,11.687,18.960941,1
device_1,2025-04-19 13:34:00,10.0,18.960941,1
device_1,2025-04-19 13:35:00,9.125,18.97898,1
device_1,2025-04-19 13:36:00,8.625,18.98688,1
device_1,2025-04-19 13:37:00,8.375,18.963058,1
device_1,2025-04-19 13:38:00,8.187,18.981558,1
device_1,2025-04-19 13:39:00,8.0,19.474943,1
device_1,2025-04-19 13:40:00,7.875,19.474943,1
device_1,2025-04-19 13:41:00,7.75,19.692102,1
device_1,2025-04-19 13:42:00,7.625,19.763554,1
device_1,2025-04-19 13:43:00,7.562,19.763554,1
device_1,2025-04-19 13:44:00,7.5,19.755978,1
device_1,2025-04-19 13:45:00,7.375,19.755978,1
device_1,2025-04-19 13:46:00,8.437,19.755978,1
device_1,2025-04-19 13:47:00,11.437,19.556723,1
device_1,2025-04-19 13:48:00,12.937,19.556723,1
device_1,2025-04-19 13:49:00,14.437,19.556723,1
device_1,2025-04-19 13:50:00,16.125,19.599524,1
device_1,2025-04-19 13:51:00,17.562,19.599524,1
device_1,2025-04-19 13:52:00,18.5,19.599524,0
device_1,2025-04-19 13:53:00,19.125,19.599524,0
device_1,2025-04-19 13:54:00,19.562,19.599524,0
device_1,2025-04-19 13:55:00,19.875,19.599524,0
device_1,2025-04-19 13:56:00,20.187,19.581486,0
device_1,2025-04-19 13:57:00,20.312,19.581486,0
device_1,2025-04-19 13:58:00,20.5,19.581486,0
device_1,2025-04-19 13:59:00,20.687,19.581486,0
device_1,2025-04-19 14:00:00,20.812,19.314672,0
device_1,2025-04-19 14:01:00,20.875,18.8869,0
device_1,2025-04-19 14:02:00,21.0,18.737522,1
device_1,2025-04-19 14:03:00,21.125,18.701395,1
device_1,2025-04-19 14:04:00,21.125,18.701395,1
device_1,2025-04-19 14:05:00,21.25,18.663744,1
device_1,2025-04-19 14:06:00,21.281,18.659925,1
device_1,2025-04-19 14:07:00,21.312,18.15185,1
device_1,2025-04-19 14:08:00,21.375,18.15185,1
device_1,2025-04-19 14:09:00,21.437,18.142582,1
device_1,2025-04-19 14:10:00,21.437,18.130445,1
device_1,2025-04-19 14:11:00,21.5,18.227644,1
device_1,2025-04-19 14:12:00,21.562,18.227644,1
device_1,2025-04-19 14:13:00,21.562,18.227644,1
device_1,2025-04-19 14:14:00,21.312,18.227644,1
device_1,2025-04-19 14:15:00,15.312,18.27043,1
device_1,2025-04-19 14:16:00,11.75,18.27043,1
device_1,2025-04-19 14:17:00,10.062,18.277403,1
device_1,2025-04-19 14:18:00,9.187,18.277403,1
device_1,2025-04-19 14:19:00,8.75,18.240385,1
device_1,2025-04-19 14:20:00,8.437,18.34772,1
device_1,2025-04-19 14:21:00,8.187,18.404089,1
device_1,2025-04-19 14:22:00,8.062,18.452032,1
device_1,2025-04-19 14:23:00,7.937,18.459911,1
device_1,2025-04-19 14:24:00,7.812,18.551863,1
device_1,2025-04-19 14:25:00,7.687,18.570309,1
device_1,2025-04-19 14:26:00,7.687,19.087141,1
device_1,2025-04-19 14:27:00,7.562,19.087141,1
device_1,2025-04-19 14:28:00,8.0,19.123268,1
device_1,2025-04-19 14:29:00,11.187,19.123268,1
device_1,2025-04-19 14:30:00,12.687,19.20883,1
device_1,2025-04-19 14:31:00,14.062,19.846842,1
device_1,2025-04-19 14:32:00,15.625,19.939049,1
device_1,2025-04-19 14:33:00,17.187,19.939049,1
device_1,2025-04-19 14:34:00,18.312,19.939049,0
device_1,2025-04-19 14:35:00,19.062,19.957087,0
device_1,2025-04-19 14:36:00,19.5,19.957087,0
device_1,2025-04-19 14:37:00,19.875,19.933266,0
device_1,2025-04-19 14:38:00,20.125,19.897566,0
device_1,2025-04-19 14:39:00,20.375,19.826223,0
device_1,2025-04-19 14:40:00,20.5,19.790573,0
device_1,2025-04-19 14:41:00,20.5935,19.344738,0
device_1,2025-04-19 14:42:00,20.687,19.204088,0
device_1,2025-04-19 14:43:00,20.812,19.204088,0
device_1,2025-04-19 14:44:00,20.937,19.197115,0
device_1,2025-04-19 14:45:00,21.0,19.183214,0
device_1,2025-04-19 14:46:00,21.062,19.15544,0
device_1,2025-04-19 14:47:00,21.187,19.15544,1
device_1,2025-04-19 14:48:00,21.25,19.15544,1
device_1,2025-04-19 14:49:00,21.312,19.330374,0
device_1,2025-04-19 14:50:00,21.375,19.777258,0
device_1,2025-04-19 14:51:00,21.437,19.777258,0
device_1,2025-04-19 14:52:00,21.5,19.777258,0
device_1,2025-04-19 14:53:00,21.562,19.777258,0
device_1,2025-04-19 14:54:00,21.562,19.777258,0
device_1,2025-04-19 14:55:00,21.125,19.644522,0
device_1,2025-04-19 14:56:00,15.187,19.626484,1
device_1,2025-04-19 14:57:00,11.812,19.626484,1
device_1,2025-04-19 14:58:00,10.125,19.576197,1
device_1,2025-04-19 14:59:00,9.25,18.749956,1
device_1,2025-04-19 15:00:00,8.75,18.203487,1
device_1,2025-04-19 15:01:00,8.5,17.489449,1
device_1,2025-04-19 15:02:00,8.312,17.489449,1
device_1,2025-04-19 15:03:00,8.125,17.471647,1
device_1,2025-04-19 15:04:00,8.062,17.471647,1
device_1,2025-04-19 15:05:00,7.937,17.45073,1
device_1,2025-04-19 15:06:00,7.812,17.44691,1
device_1,2025-04-19 15:07:00,7.75,17.466728,1
device_1,2025-04-19 15:08:00,7.687,17.68563,1
device_1,2025-04-19 15:09:00,10.625,18.26513,1
device_1,2025-04-19 15:10:00,12.437,18.49278,1
device_1,2025-04-19 15:11:00,13.75,18.539827,1
device_1,2025-04-19 15:12:00,15.187,19.131685,1
device_1,2025-04-19 15:13:00,16.812,19.586714,1
device_1,2025-04-19 15:14:00,18.125,19.698301,0
device_1,2025-04-19 15:15:00,18.937,19.718155,0
device_1,2025-04-19 15:16:00,19.437,19.718155,0
device_1,2025-04-19 15:17:00,19.6245,19.725128,0
device_1,2025-04-19 15:18:00,19.812,19.260855,0
device_1,2025-04-19 15:19:00,20.125,19.063715,0
device_1,2025-04-19 15:20:00,20.312,19.156752,0
device_1,2025-04-19 15:21:00,20.5,19.156752,0
device_1,2025-04-19 15:22:00,20.687,19.156752,0
device_1,2025-04-19 15:23:00,20.812,19.047865,0
device_1,2025-04-19 15:24:00,20.937,18.772997,1
device_1,2025-04-19 15:25:00,21.062,18.776815,1
device_1,2025-04-19 15:26:00,21.125,18.773378,1
device_1,2025-04-19 15:27:00,21.187,18.773378,1
device_1,2025-04-19 15:28:00,21.25,18.794746,1
device_1,2025-04-19 15:29:00,21.312,19.338884,0
device_1,2025-04-19 15:30:00,21.375,19.338884,1
device_1,2025-04-19 15:31:00,21.437,19.758564,0
device_1,2025-04-19 15:32:00,21.5,20.202425,0
device_1,2025-04-19 15:33:00,21.562,20.202425,0
device_1,2025-04-19 15:34:00,21.625,20.202425,0
device_1,2025-04-19 15:35:00,21.312,20.220463,0
device_1,2025-04-19 15:36:00,15.437,20.220463,1
device_1,2025-04-19 15:37:00,12.0,20.068089,1
device_1,2025-04-19 15:38:00,10.312,19.699718,1
device_1,2025-04-19 15:39:00,9.437,19.679384,1
device_1,2025-04-19 15:40:00,8.875,19.214724,1
device_1,2025-04-19 15:41:00,8.562,19.112349,1
device_1,2025-04-19 15:42:00,8.312,18.700281,1
device_1,2025-04-19 15:43:00,8.187,17.830921,1
device_1,2025-04-19 15:44:00,8.062,17.612314,1
device_1,2025-04-19 15:45:00,7.875,17.612314,1
device_1,2025-04-19 15:46:00,7.75,17.833912,1
device_1,2025-04-19 15:47:00,7.687,18.193426,1
device_1,2025-04-19 15:48:00,7.625,18.769981,1
device_1,2025-04-19 15:49:00,7.5,18.833706,1
device_1,2025-04-19 15:50:00,10.5,19.092207,1
device_1,2025-04-19 15:51:00,12.25,19.510284,1
device_1,2025-04-19 15:52:00,12.843499999999999,19.675724,1
device_1,2025-04-19 15:53:00,13.437,19.850769,1
device_1,2025-04-19 15:54:00,14.687,19.918901,1
device_1,2025-04-19 15:55:00,16.125,20.000824,1
device_1,2025-04-19 15:56:00,17.5,19.971428,1
device_1,2025-04-19 15:57:00,18.5,19.816414,0
device_1,2025-04-19 15:58:00,19.187,19.826351,0
device_1,2025-04-19 15:59:00,19.687,19.595045,0
device_1,2025-04-19 16:00:00,20.0,19.235796,0
device_1,2025-04-19 16:01:00,20.187,18.624361,0
device_1,2025-04-19 16:02:00,20.437,18.389124,1
device_1,2025-04-19 16:03:00,20.562,18.414154,1
device_1,2025-04-19 16:04:00,20.75,18.429512,1
device_1,2025-04-19 16:05:00,20.875,18.528427,1
device_1,2025-04-19 16:06:00,21.0,18.573381,1
device_1,2025-04-19 16:07:00,21.062,18.622873,1
device_1,2025-04-19 16:08:00,21.187,18.876429,1
device_1,2025-04-19 16:09:00,21.25,18.94686,1
device_1,2025-04-19 16:10:00,21.312,19.372498,0
device_1,2025-04-19 16:11:00,21.375,19.766054,0
device_1,2025-04-19 16:12:00,21.375,19.766054,0
device_1,2025-04-19 16:13:00,21.5,19.82558,0
device_1,2025-04-19 16:14:00,21.562,19.82558,0
device_1,2025-04-19 16:15:00,21.562,19.426422,1
device_1,2025-04-19 16:16:00,21.625,19.043339,1
device_1,2025-04-19 16:17:00,20.812,19.060984,0
device_1,2025-04-19 16:18:00,15.062,18.915222,1
device_1,2025-04-19 16:19:00,11.812,18.90327,1
device_1,2025-04-19 16:20:00,10.25,18.843496,1
device_1,2025-04-19 16:21:00,9.437,18.77472,1
device_1,2025-04-19 16:22:00,9.0,18.77472,1
device_1,2025-04-19 16:23:00,8.687,18.782598,1
device_1,2025-04-19 16:24:00,8.437,18.81001,1
device_1,2025-04-19 16:25:00,8.25,18.81383,1
device_1,2025-04-19 16:26:00,8.187,18.822039,1
device_1,2025-04-19 16:27:00,8.093499999999999,18.824581,1
device_1,2025-04-19 16:28:00,8.0,18.820919,1
device_1,2025-04-19 16:29:00,7.937,18.820919,1
device_1,2025-04-19 16:30:00,7.875,18.820919,1
device_1,2025-04-19 16:31:00,7.75,18.469118,1
device_1,2025-04-19 16:32:00,8.812,18.382914,1
device_1,2025-04-19 16:33:00,11.75,18.18563,1
device_1,2025-04-19 16:34:00,13.0,18.183088,1
device_1,2025-04-19 16:35:00,14.125,18.18948,1
device_1,2025-04-19 16:36:00,15.437,18.244587,1
device_1,2025-04-19 16:37:00,16.937,18.281977,0
device_1,2025-04-19 16:38:00,18.125,18.274097,0
device_1,2025-04-19 16:39:00,18.937,18.384254,0
device_1,2025-04-19 16:40:00,19.5,18.949327,0
device_1,2025-04-19 16:41:00,19.875,19.000101,0
device_1,2025-04-19 16:42:00,20.187,19.10914,0
device_1,2025-04-19 16:43:00,20.375,19.10914,0
device_1,2025-04-19 16:44:00,20.562,19.102167,0
device_1,2025-04-19 16:45:00,20.687,19.111753,0
device_1,2025-04-19 16:46:00,20.875,19.111753,0
device_1,2025-04-19 16:47:00,21.0,19.155474,0
device_1,2025-04-19 16:48:00,21.062,19.23771,0
device_1,2025-04-19 16:49:00,21.187,19.23771,0
device_1,2025-04-19 16:50:00,21.25,19.150352,1
device_1,2025-04-19 16:51:00,21.312,18.800571,1
device_1,2025-04-19 16:52:00,21.375,17.886898,1
device_1,2025-04-19 16:53:00,21.437,17.62539,1
device_1,2025-04-19 16:54:00,21.5,17.62075,1
device_1,2025-04-19 16:55:00,21.562,17.591244,1
device_1,2025-04-19 16:56:00,21.625,17.423801,1
device_1,2025-04-19 16:57:00,21.625,17.202085,1
device_1,2025-04-19 16:58:00,19.25,17.133781,1
device_1,2025-04-19 16:59:00,14.062,17.134283,1
device_1,2025-04-19 17:00:00,11.437,17.134283,1
device_1,2025-04-19 17:01:00,10.125,17.119951,1
device_1,2025-04-19 17:02:00,9.5,17.323101,1
device_1,2025-04-19 17:03:00,9.280999999999999,17.57264,1
device_1,2025-04-19 17:04:00,9.062,17.843513,1
device_1,2025-04-19 17:05:00,8.812,17.871374,1
device_1,2025-04-19 17:06:00,8.625,17.897062,1
device_1,2025-04-19 17:07:00,8.437,17.986504,1
device_1,2025-04-19 17:08:00,8.25,17.986504,1
device_1,2025-04-19 17:09:00,8.125,17.986504,1
device_1,2025-04-19 17:10:00,8.062,17.986504,1
device_1,2025-04-19 17:11:00,7.937,17.986504,1
device_1,2025-04-19 17:12:00,7.937,17.97325,1
device_1,2025-04-19 17:13:00,7.812,17.984669,1
device_1,2025-04-19 17:14:00,8.187,17.984669,1
device_1,2025-04-19 17:15:00,11.375,18.029041,1
device_1,2025-04-19 17:16:00,12.75,18.190613,1
device_1,2025-04-19 17:17:00,13.875,18.197586,1
device_1,2025-04-19 17:18:00,14.937,18.139824,1
device_1,2025-04-19 17:19:00,16.25,18.139824,0
device_1,2025-04-19 17:20:00,17.5,18.139824,0
device_1,2025-04-19 17:21:00,18.562,18.210527,0
device_1,2025-04-19 17:22:00,19.25,18.346046,0
device_1,2025-04-19 17:23:00,19.687,18.37378,0
device_1,2025-04-19 17:24:00,20.0,18.401192,0
device_1,2025-04-19 17:25:00,20.25,18.40501,0
device_1,2025-04-19 17:26:00,20.437,18.41322,1
device_1,2025-04-19 17:27:00,20.625,18.415762,1
device_1,2025-04-19 17:28:00,20.75,18.4121,1
device_1,2025-04-19 17:29:00,20.875,18.462559,1
device_1,2025-04-19 17:30:00,21.0,18.462559,1
device_1,2025-04-19 17:31:00,21.062,18.412922,1
device_1,2025-04-19 17:32:00,21.187,18.42593,1
device_1,2025-04-19 17:33:00,21.25,18.42593,1
device_1,2025-04-19 17:34:00,21.375,18.423388,1
device_1,2025-04-19 17:35:00,21.375,18.483225,1
device_1,2025-04-19 17:36:00,21.437,18.47297,1
device_1,2025-04-19 17:37:00,21.5,18.110432,1
device_1,2025-04-19 17:38:00,21.531,17.55833,1
device_1,2025-04-19 17:39:00,21.562,17.18259,1
device_1,2025-04-19 17:40:00,21.625,17.18259,1
device_1,2025-04-19 17:41:00,21.687,16.847408,1
device_1,2025-04-19 17:42:00,16.5,16.583363,0
device_1,2025-04-19 17:43:00,12.687,16.583363,1
device_1,2025-04-19 17:44:00,10.812,16.29346,1
device_1,2025-04-19 17:45:00,9.875,16.29346,1
device_1,2025-04-19 17:46:00,9.375,15.827787,1
device_1,2025-04-19 17:47:00,9.062,16.254717,1
device_1,2025-04-19 17:48:00,8.75,16.254717,1
device_1,2025-04-19 17:49:00,8.562,16.522692,1
device_1,2025-04-19 17:50:00,8.437,16.783068,1
device_1,2025-04-19 17:51:00,8.312,16.849443,1
device_1,2025-04-19 17:52:00,8.187,17.007738,1
device_1,2025-04-19 17:53:00,8.125,17.007738,1
device_1,2025-04-19 17:54:00,8.062,17.054295,1
device_1,2025-04-19 17:55:00,8.0,17.169672,1
device_1,2025-04-19 17:56:00,9.937,17.550858,1
device_1,2025-04-19 17:57:00,12.187,18.036556,1
device_1,2025-04-19 17:58:00,13.375,18.310108,1
device_1,2025-04-19 17:59:00,14.437,18.463783,1
device_1,2025-04-19 18:00:00,15.687,18.557158,1
device_1,2025-04-19 18:01:00,17.125,18.600517,0
device_1,2025-04-19 18:02:00,18.25,18.600517,0
device_1,2025-04-19 18:03:00,19.062,18.841743,0
device_1,2025-04-19 18:04:00,19.562,18.8571,0
device_1,2025-04-19 18:05:00,19.937,18.890955,0
device_1,2025-04-19 18:06:00,20.25,18.327093,0
device_1,2025-04-19 18:07:00,20.437,17.711843,1
device_1,2025-04-19 18:08:00,20.625,17.661646,1
device_1,2025-04-19 18:09:00,20.75,17.661646,1
device_1,2025-04-19 18:10:00,20.875,17.661646,1
device_1,2025-04-19 18:11:00,21.0,17.661646,1
device_1,2025-04-19 18:12:00,21.125,17.661646,1
device_1,2025-04-19 18:13:00,21.156,17.714712,1
device_1,2025-04-19 18:14:00,21.187,18.082947,1
device_1,2025-04-19 18:15:00,21.312,18.24334,1
device_1,2025-04-19 18:16:00,21.375,18.875456,1
device_1,2025-04-19 18:17:00,21.437,18.83492,1
device_1,2025-04-19 18:18:00,21.5,18.803003,1
device_1,2025-04-19 18:19:00,21.562,18.803003,1
device_1,2025-04-19 18:20:00,21.625,18.71631,1
device_1,2025-04-19 18:21:00,21.625,18.346983,1
device_1,2025-04-19 18:22:00,18.0,18.208338,0
device_1,2025-04-19 18:23:00,13.5,17.777094,1
device_1,2025-04-19 18:24:00,11.312,17.780685,1
device_1,2025-04-19 18:25:00,10.187,17.516283,1
device_1,2025-04-19 18:26:00,9.625,17.50456,1
device_1,2025-04-19 18:27:00,9.25,17.363026,1
device_1,2025-04-19 18:28:00,9.0,17.359364,1
device_1,2025-04-19 18:29:00,8.812,17.359364,1
device_1,2025-04-19 18:30:00,8.687,17.381647,1
device_1,2025-04-19 18:31:00,8.562,17.415722,1
device_1,2025-04-19 18:32:00,8.5,17.41522,1
device_1,2025-04-19 18:33:00,8.375,17.41522,1
device_1,2025-04-19 18:34:00,8.25,17.412678,1
device_1,2025-04-19 18:35:00,8.25,17.41907,1
device_1,2025-04-19 18:36:00,8.187,17.41907,1
device_1,2025-04-19 18:37:00,9.312,17.415478,1
device_1,2025-04-19 18:38:00,11.937,17.483124,1
device_1,2025-04-19 18:39:00,13.25,17.525124,1
device_1,2025-04-19 18:40:00,14.312,17.525124,1
device_1,2025-04-19 18:41:00,15.5,17.515343,1
device_1,2025-04-19 18:42:00,16.812,17.515343,0
device_1,2025-04-19 18:43:00,18.0,17.515343,0
device_1,2025-04-19 18:44:00,18.937,17.50837,0
device_1,2025-04-19 18:45:00,19.5,17.697577,0
device_1,2025-04-19 18:46:00,19.875,17.818562,1
device_1,2025-04-19 18:47:00,20.187,17.818562,1
device_1,2025-04-19 18:48:00,20.281,18.009235,1
device_1,2025-04-19 18:49:00,20.375,18.037203,1
device_1,2025-04-19 18:50:00,20.562,18.113379,1
device_1,2025-04-19 18:51:00,20.75,18.113379,1
device_1,2025-04-19 18:52:00,20.875,18.113379,1
device_1,2025-04-19 18:53:00,21.0,18.113379,1
device_1,2025-04-19 18:54:00,21.062,17.886702,1
device_1,2025-04-19 18:55:00,21.187,17.707096,1
device_1,2025-04-19 18:56:00,21.25,17.68115,1
device_1,2025-04-19 18:57:00,21.375,17.592905,1
device_1,2025-04-19 18:58:00,21.437,17.571537,1
device_1,2025-04-19 18:59:00,21.5,17.360796,1
device_1,2025-04-19 19:00:00,21.562,17.360796,1
device_1,2025-04-19 19:01:00,21.625,17.326723,1
device_1,2025-04-19 19:02:00,21.625,17.326723,1
device_1,2025-04-19 19:03:00,21.687,17.351753,1
device_1,2025-04-19 19:04:00,18.062,17.367107,0
device_1,2025-04-19 19:05:00,13.562,17.503359,1
device_1,2025-04-19 19:06:00,11.375,17.529047,1
device_1,2025-04-19 19:07:00,10.312,17.522758,1
device_1,2025-04-19 19:08:00,9.687,17.522758,1
device_1,2025-04-19 19:09:00,9.312,17.522758,1
device_1,2025-04-19 19:10:00,9.125,17.5098,1
device_1,2025-04-19 19:11:00,8.937,17.478954,1
device_1,2025-04-19 19:12:00,8.75,17.478954,1
device_1,2025-04-19 19:13:00,8.687,17.490374,1
device_1,2025-04-19 19:14:00,8.562,17.490374,1
device_1,2025-04-19 19:15:00,8.437,17.369389,1
device_1,2025-04-19 19:16:00,8.375,17.369389,1
device_1,2025-04-19 19:17:00,8.312,17.376362,1
device_1,2025-04-19 19:18:00,8.187,17.364943,1
device_1,2025-04-19 19:19:00,9.125,17.364943,1
device_1,2025-04-19 19:20:00,12.0,17.395788,1
device_1,2025-04-19 19:21:00,13.25,17.483725,1
device_1,2025-04-19 19:22:00,14.375,17.483725,1
device_1,2025-04-19 19:23:00,14.9375,17.491604,1
device_1,2025-04-19 19:24:00,15.5,17.56478,1
device_1,2025-04-19 19:25:00,16.75,17.568598,0
device_1,2025-04-19 19:26:00,18.0,17.576807,0
device_1,2025-04-19 19:27:00,18.937,17.615574,0
device_1,2025-04-19 19:28:00,19.5,17.708294,0
device_1,2025-04-19 19:29:00,19.937,17.708294,1
device_1,2025-04-19 19:30:00,20.187,17.866392,1
device_1,2025-04-19 19:31:00,20.437,17.900467,1
device_1,2025-04-19 19:32:00,20.625,17.899965,1
device_1,2025-04-19 19:33:00,20.75,17.899965,1
device_1,2025-04-19 19:34:00,20.937,17.897423,1
device_1,2025-04-19 19:35:00,21.0,17.903814,1
device_1,2025-04-19 19:36:00,21.125,17.903814,1
device_1,2025-04-19 19:37:00,21.25,17.900223,1
device_1,2025-04-19 19:38:00,21.312,17.892344,1
device_1,2025-04-19 19:39:00,21.375,17.892344,1
device_1,2025-04-19 19:40:00,21.437,17.892344,1
device_1,2025-04-19 19:41:00,21.5,17.900084,1
device_1,2025-04-19 19:42:00,21.562,17.900084,1
device_1,2025-04-19 19:43:00,21.625,17.900084,1
device_1,2025-04-19 19:44:00,21.687,17.789328,1
device_1,2025-04-19 19:45:00,21.75,17.789328,1
device_1,2025-04-19 19:46:00,19.562,17.910313,0
device_1,2025-04-19 19:47:00,14.5,17.890766,1
device_1,2025-04-19 19:48:00,11.875,17.890766,1
device_1,2025-04-19 19:49:00,10.625,17.890766,1
device_1,2025-04-19 19:50:00,9.937,17.883026,1
device_1,2025-04-19 19:51:00,9.5,17.883026,1
device_1,2025-04-19 19:52:00,9.25,17.836918,1
device_1,2025-04-19 19:53:00,9.0,17.764679,1
device_1,2025-04-19 19:54:00,8.875,17.687834,1
device_1,2025-04-19 19:55:00,8.75,17.42891,1
device_1,2025-04-19 19:56:00,8.625,17.243553,1
device_1,2025-04-19 19:57:00,8.5,17.228199,1
device_1,2025-04-19 19:58:00,8.437,17.174397,1
device_1,2025-04-19 19:59:00,8.405999999999999,17.115492,1
device_1,2025-04-19 20:00:00,8.375,17.115492,1
device_1,2025-04-19 20:01:00,8.312,17.081419,1
device_1,2025-04-19 20:02:00,9.375,17.140821,1
device_1,2025-04-19 20:03:00,12.062,17.222742,1
device_1,2025-04-19 20:04:00,13.312,17.47719,1
device_1,2025-04-19 20:05:00,14.375,17.647945,1
device_1,2025-04-19 20:06:00,15.437,17.865286,1
device_1,2025-04-19 20:07:00,16.75,17.942131,0
device_1,2025-04-19 20:08:00,18.0,18.01786,0
device_1,2025-04-19 20:09:00,18.875,18.049921,0
device_1,2025-04-19 20:10:00,19.5,18.087032,0
device_1,2025-04-19 20:11:00,19.937,18.056187,0
device_1,2025-04-19 20:12:00,20.25,17.790295,1
device_1,2025-04-19 20:13:00,20.437,17.183548,1
device_1,2025-04-19 20:14:00,20.625,17.183548,1
device_1,2025-04-19 20:15:00,20.812,16.693352,1
device_1,2025-04-19 20:16:00,20.937,16.60409,1
device_1,2025-04-19 20:17:00,21.062,16.569813,1
device_1,2025-04-19 20:18:00,21.187,16.569822,1
device_1,2025-04-19 20:19:00,21.25,16.569822,1
device_1,2025-04-19 20:20:00,21.312,16.624722,1
device_1,2025-04-19 20:21:00,21.437,17.012436,1
device_1,2025-04-19 20:22:00,21.437,17.413996,1
device_1,2025-04-19 20:23:00,21.562,18.292845,1
device_1,2025-04-19 20:24:00,21.562,18.58507,1
device_1,2025-04-19 20:25:00,21.687,18.588888,1
device_1,2025-04-19 20:26:00,21.687,18.597097,1
device_1,2025-04-19 20:27:00,18.937,18.59964,0
device_1,2025-04-19 20:28:00,14.062,18.595978,1
device_1,2025-04-19 20:29:00,11.625,18.046684,1
device_1,2025-04-19 20:30:00,10.437,18.026937,1
device_1,2025-04-19 20:31:00,9.875,17.75414,1
device_1,2025-04-19 20:32:00,9.437,17.487099,1
device_1,2025-04-19 20:33:00,9.187,17.487099,1
device_1,2025-04-19 20:34:00,9.093499999999999,16.86385,1
device_1,2025-04-19 20:35:00,9.0,16.824102,1
device_1,2025-04-19 20:36:00,8.812,16.690823,1
device_1,2025-04-19 20:37:00,8.75,16.642454,1
device_1,2025-04-19 20:38:00,8.625,16.634575,1
device_1,2025-04-19 20:39:00,8.5,16.634575,1
device_1,2025-04-19 20:40:00,8.437,16.713362,1
device_1,2025-04-19 20:41:00,8.312,16.983946,1
device_1,2025-04-19 20:42:00,8.25,16.983946,1
device_1,2025-04-19 20:43:00,8.187,17.073984,1
device_1,2025-04-19 20:44:00,8.187,17.24867,1
device_1,2025-04-19 20:45:00,11.375,17.24867,1
device_1,2025-04-19 20:46:00,12.812,17.542116,1
device_1,2025-04-19 20:47:00,13.875,17.542116,1
device_1,2025-04-19 20:48:00,14.812,17.856491,1
device_1,2025-04-19 20:49:00,15.812,17.825846,1
device_1,2025-04-19 20:50:00,17.0,17.818106,0
device_1,2025-04-19 20:51:00,18.125,18.06337,0
device_1,2025-04-19 20:52:00,19.0,18.176771,0
device_1,2025-04-19 20:53:00,19.562,18.176771,0
device_1,2025-04-19 20:54:00,19.937,18.192888,0
device_1,2025-04-19 20:55:00,20.25,18.061792,1
device_1,2025-04-19 20:56:00,20.5,18.043755,1
device_1,2025-04-19 20:57:00,20.687,18.043755,1
device_1,2025-04-19 20:58:00,20.812,18.043755,1
device_1,2025-04-19 20:59:00,20.937,18.044256,1
device_1,2025-04-19 21:00:00,21.062,18.023548,1
device_1,2025-04-19 21:01:00,21.187,18.107906,1
device_1,2025-04-19 21:02:00,21.25,18.353874,1
device_1,2025-04-19 21:03:00,21.312,18.470116,1
device_1,2025-04-19 21:04:00,21.437,18.470116,1
device_1,2025-04-19 21:05:00,21.437,18.473553,1
device_1,2025-04-19 21:06:00,21.562,18.616795,1
device_1,2025-04-19 21:07:00,21.625,18.616795,1
device_1,2025-04-19 21:08:00,21.687,18.616795,1
device_1,2025-04-19 21:09:00,20.781,18.616795,1
device_1,2025-04-19 21:10:00,19.875,18.603836,0
device_1,2025-04-19 21:11:00,14.687,18.207436,1
device_1,2025-04-19 21:12:00,11.937,17.794752,1
device_1,2025-04-19 21:13:00,10.687,17.744434,1
device_1,2025-04-19 21:14:00,10.0,17.370623,1
device_1,2025-04-19 21:15:00,9.562,17.239109,1
device_1,2025-04-19 21:16:00,9.187,16.921772,1
device_1,2025-04-19 21:17:00,9.0,16.647085,1
device_1,2025-04-19 21:18:00,8.812,16.647095,1
device_1,2025-04-19 21:19:00,8.687,16.633085,1
device_1,2025-04-19 21:20:00,8.625,16.66393,1
device_1,2025-04-19 21:21:00,8.5,16.689026,1
device_1,2025-04-19 21:22:00,8.437,16.44762,1
device_1,2025-04-19 21:23:00,8.312,16.440435,1
device_1,2025-04-19 21:24:00,8.25,16.444027,1
device_1,2025-04-19 21:25:00,8.437,16.377234,1
device_1,2025-04-19 21:26:00,11.625,16.448559,1
device_1,2025-04-19 21:27:00,13.0,16.636265,1
device_1,2025-04-19 21:28:00,14.0,17.172878,1
device_1,2025-04-19 21:29:00,14.937,17.22179,1
device_1,2025-04-19 21:30:00,15.937,17.35744,0
device_1,2025-04-19 21:31:00,17.187,17.769789,0
device_1,2025-04-19 21:32:00,18.312,17.834858,0
device_1,2025-04-19 21:33:00,19.125,18.318636,0
device_1,2025-04-19 21:34:00,19.687,18.572443,0
device_1,2025-04-19 21:35:00,20.062,18.601704,0
device_1,2025-04-19 21:36:00,20.312,18.672316,0
device_1,2025-04-19 21:37:00,20.562,18.655737,0
device_1,2025-04-19 21:38:00,20.687,18.62221,1
device_1,2025-04-19 21:39:00,20.875,18.62221,1
device_1,2025-04-19 21:40:00,21.0,18.692007,1
device_1,2025-04-19 21:41:00,21.125,18.821539,1
device_1,2025-04-19 21:42:00,21.187,19.021704,1
device_1,2025-04-19 21:43:00,21.312,19.132406,1
device_1,2025-04-19 21:44:00,21.375,19.308783,1
device_1,2025-04-19 21:45:00,21.406,19.36576,1
device_1,2025-04-19 21:46:00,21.437,19.36576,1
device_1,2025-04-19 21:47:00,21.5,19.36576,1
device_1,2025-04-19 21:48:00,21.562,19.36576,1
device_1,2025-04-19 21:49:00,21.625,19.36576,1
device_1,2025-04-19 21:50:00,21.687,19.232418,1
device_1,2025-04-19 21:51:00,17.125,18.986374,0
device_1,2025-04-19 21:52:00,13.125,18.938513,1
device_1,2025-04-19 21:53:00,11.187,18.623116,1
device_1,2025-04-19 21:54:00,10.25,18.281689,1
device_1,2025-04-19 21:55:00,9.687,18.137108,1
device_1,2025-04-19 21:56:00,9.312,17.413986,1
device_1,2025-04-19 21:57:00,9.125,17.413986,1
device_1,2025-04-19 21:58:00,8.937,17.413986,1
device_1,2025-04-19 21:59:00,8.75,17.26396,1
device_1,2025-04-19 22:00:00,8.687,17.172298,1
device_1,2025-04-19 22:01:00,8.562,16.945671,1
device_1,2025-04-19 22:02:00,8.437,16.935656,1
device_1,2025-04-19 22:03:00,8.312,16.915205,1
device_1,2025-04-19 22:04:00,8.312,16.915205,1
device_1,2025-04-19 22:05:00,8.187,16.918642,1
device_1,2025-04-19 22:06:00,9.5,16.914824,1
device_1,2025-04-19 22:07:00,12.187,17.05401,1
device_1,2025-04-19 22:08:00,13.312,17.05401,1
device_1,2025-04-19 22:09:00,14.187,17.044743,1
device_1,2025-04-19 22:10:00,15.062,17.319775,1
device_1,2025-04-19 22:11:00,15.937,17.423279,0
device_1,2025-04-19 22:12:00,17.0,17.540916,0
device_1,2025-04-19 22:13:00,18.125,17.586533,0
device_1,2025-04-19 22:14:00,19.0,17.683168,0
device_1,2025-04-19 22:15:00,19.625,17.683168,0
device_1,2025-04-19 22:16:00,20.0,18.01591,0
device_1,2025-04-19 22:17:00,20.312,18.68101,0
device_1,2025-04-19 22:18:00,20.562,19.21188,0
device_1,2025-04-19 22:19:00,20.75,19.524466,0
device_1,2025-04-19 22:20:00,20.8125,19.524466,0
device_1,2025-04-19 22:21:00,20.875,19.54956,0
device_1,2025-04-19 22:22:00,21.0,19.558828,0
device_1,2025-04-19 22:23:00,21.125,19.667835,0
device_1,2025-04-19 22:24:00,21.25,19.671427,0
device_1,2025-04-19 22:25:00,21.312,19.604633,0
device_1,2025-04-19 22:26:00,21.375,19.44951,0
device_1,2025-04-19 22:27:00,21.5,19.452053,1
device_1,2025-04-19 22:28:00,21.562,18.951078,1
device_1,2025-04-19 22:29:00,21.625,18.705975,1
device_1,2025-04-19 22:30:00,21.687,18.521652,1
device_1,2025-04-19 22:31:00,21.75,18.3419,1
device_1,2025-04-19 22:32:00,17.5,18.315165,0
device_1,2025-04-19 22:33:00,13.312,18.315165,1
device_1,2025-04-19 22:34:00,11.312,18.33224,1
device_1,2025-04-19 22:35:00,10.312,18.574154,1
device_1,2025-04-19 22:36:00,9.75,18.860321,1
device_1,2025-04-19 22:37:00,9.437,18.85673,1
device_1,2025-04-19 22:38:00,9.187,18.823202,1
device_1,2025-04-19 22:39:00,8.937,18.823202,1
device_1,2025-04-19 22:40:00,8.812,18.823202,1
device_1,2025-04-19 22:41:00,8.687,18.419693,1
device_1,2025-04-19 22:42:00,8.562,18.254177,1
device_1,2025-04-19 22:43:00,8.437,18.198383,1
device_1,2025-04-19 22:44:00,8.375,16.990437,1
device_1,2025-04-19 22:45:00,8.312,15.858714,1
device_1,2025-04-19 22:46:00,8.25,15.235962,1
device_1,2025-04-19 22:47:00,8.187,15.15587,1
device_1,2025-04-19 22:48:00,8.125,15.15587,1
device_1,2025-04-19 22:49:00,11.312,15.142826,1
device_1,2025-04-19 22:50:00,12.812,15.137563,1
device_1,2025-04-19 22:51:00,13.687,15.137563,0
device_1,2025-04-19 22:52:00,14.5,15.20601,0
device_1,2025-04-19 22:53:00,15.25,15.639934,0
device_1,2025-04-19 22:54:00,16.0,16.250273,0
device_1,2025-04-19 22:55:00,16.4685,16.752102,0
device_1,2025-04-19 22:56:00,16.937,17.157831,0
device_1,2025-04-19 22:57:00,17.875,17.989695,0
device_1,2025-04-19 22:58:00,18.812,18.817995,0
device_1,2025-04-19 22:59:00,19.5,19.11008,0
device_1,2025-04-19 23:00:00,19.937,19.13501,0
device_1,2025-04-19 23:01:00,20.25,19.644596,0
device_1,2025-04-19 23:02:00,20.5,19.718443,0
device_1,2025-04-19 23:03:00,20.687,20.084873,0
device_1,2025-04-19 23:04:00,20.812,20.03988,0
device_1,2025-04-19 23:05:00,20.937,20.043318,0
device_1,2025-04-19 23:06:00,21.062,19.560366,0
device_1,2025-04-19 23:07:00,21.187,19.302208,0
device_1,2025-04-19 23:08:00,21.312,19.302208,1
device_1,2025-04-19 23:09:00,21.375,19.29294,1
device_1,2025-04-19 23:10:00,21.437,19.267845,1
device_1,2025-04-19 23:11:00,21.5,19.267845,1
device_1,2025-04-19 23:12:00,21.625,19.299183,1
device_1,2025-04-19 23:13:00,21.687,19.331865,1
device_1,2025-04-19 23:14:00,20.375,19.443192,0
device_1,2025-04-19 23:15:00,15.062,20.210995,1
device_1,2025-04-19 23:16:00,12.187,20.773834,1
device_1,2025-04-19 23:17:00,10.812,20.822031,1
device_1,2025-04-19 23:18:00,10.0,20.880615,1
device_1,2025-04-19 23:19:00,9.562,20.880615,1
device_1,2025-04-19 23:20:00,9.312,20.880615,1
device_1,2025-04-19 23:21:00,9.125,20.90571,1
device_1,2025-04-19 23:22:00,8.937,20.914978,1
device_1,2025-04-19 23:23:00,8.75,20.937479,1
device_1,2025-04-19 23:24:00,8.687,20.67653,1
device_1,2025-04-19 23:25:00,8.562,18.869585,1
device_1,2025-04-19 23:26:00,8.437,17.885214,1
device_1,2025-04-19 23:27:00,8.375,17.347553,1
device_1,2025-04-19 23:28:00,8.312,16.18482,1
device_1,2025-04-19 23:29:00,8.187,15.356158,1
device_1,2025-04-19 23:30:00,8.75,15.045912,1
device_1,2025-04-19 23:31:00,10.343499999999999,14.639533,1
device_1,2025-04-19 23:32:00,11.937,14.264903,1
device_1,2025-04-19 23:33:00,13.125,13.884865,0
device_1,2025-04-19 23:34:00,13.937,13.901939,0
device_1,2025-04-19 23:35:00,14.687,14.229662,0
device_1,2025-04-19 23:36:00,15.375,15.128495,0
device_1,2025-04-19 23:37:00,16.125,15.6551,0
device_1,2025-04-19 23:38:00,17.0,16.913593,0
device_1,2025-04-19 23:39:00,18.0,17.247082,0
device_1,2025-04-19 23:40:00,18.875,17.818153,0
device_1,2025-04-19 23:41:00,19.562,18.411057,0
device_1,2025-04-19 23:42:00,19.937,19.168055,0
device_1,2025-04-19 23:43:00,20.312,19.504065,0
device_1,2025-04-19 23:44:00,20.5,19.100555,0
device_1,2025-04-19 23:45:00,20.687,19.094193,0
device_1,2025-04-19 23:46:00,20.875,19.100555,0
device_1,2025-04-19 23:47:00,21.0,19.130121,0
device_1,2025-04-19 23:48:00,21.125,19.130121,0
device_1,2025-04-19 23:49:00,21.187,19.117077,1
device_1,2025-04-19 23:50:00,21.312,18.8898,1
device_1,2025-04-19 23:51:00,21.375,18.8898,1
device_1,2025-04-19 23:52:00,21.5,18.897377,1
device_1,2025-04-19 23:53:00,21.562,19.127409,1
device_1,2025-04-19 23:54:00,21.625,19.7134,0
device_1,2025-04-19 23:55:00,21.687,19.983992,0
device_1,2025-04-19 23:56:00,21.75,20.024828,0
device_1,2025-04-19 23:57:00,17.25,20.143847,1
device_1,2025-04-19 23:58:00,13.25,20.275208,1
device_1,2025-04-19 23:59:00,11.25,21.126032,1
device_1,2025-04-20 00:00:00,10.312,21.349945,1
